id,url,cp/group
刘恋,https://weibo.com/u/1750333295,"浪3,朱恋璧合,熱戀琪,新文恋播,佳人,雾里,盛唐之恋,乐队line,连理枝,一恋幽梦"
朱洁静,https://weibo.com/u/1577149314,"浪3,朱恋璧合,雾里,凹凸,文朱菩萨,小朱佩琪,朱油蒙歆,西洁连理,煮汤"
张俪,https://weibo.com/u/1233614454,"浪3,量紫俪学,凹凸,连理枝"
王紫璇,https://weibo.com/u/1917053352,"浪3,量紫俪学,郑璇定律,凹凸"
唐诗逸,https://weibo.com/u/1781138107,"浪3,文逸青年,唐国蔷,佳人,雾里,盛唐之恋,煮汤"
于文文,https://weibo.com/u/1852554501,"浪3,文逸青年,于生锁爱,新文恋播,大于妍家,佳人,凹凸,钟欣于你,文心雕龙,文朱菩萨,乐队line"
张天爱,https://weibo.com/u/1788283193,"浪3,于生锁爱"
郑秀妍,https://weibo.com/u/3547642417,"浪3,郑璇定律,大于妍家,凹凸,心有凌西,西洁连理,蕾西边"
郭采洁,https://weibo.com/u/1731769015,"浪3,孟德斯鸠,纯玉疯,采琪飘飘"
赵梦,https://weibo.com/u/1663561194,"浪3,孟德斯鸠,佳人,纯玉疯,乐队line,一恋幽梦"
谭维维,https://weibo.com/u/1243115577,"浪3,維愛做凌,纯玉疯,维婚琪"
王心凌,https://weibo.com/u/1504965390,"浪3,維愛做凌,文心雕龙,心有凌西"
蔡卓妍,https://weibo.com/u/1744825334,"浪3,sagill"
钟欣潼,https://weibo.com/u/1733838873,"浪3,sagill,gillfi,钟欣于你"
薛凯琪,https://weibo.com/u/1707178184,"浪3,熱戀琪,gillfi,纯玉疯,小朱佩琪,琪溪节,采琪飘飘,维婚琪"
张蔷,https://weibo.com/u/2399512635,"浪3,唐国蔷,佳人"
齐溪,https://weibo.com/u/1670294661,"浪3,雾里,纯玉疯,琪溪节"
张歆艺,https://weibo.com/u/1262456801,"浪3,凹凸,朱油蒙歆"
毛俊杰,https://weibo.com/u/1214663600,"浪3,纯玉疯"
黄小蕾,https://weibo.com/u/1228322981,"浪3,蕾西边"
吴谨言,https://weibo.com/u/1278603180,浪3
胡杏儿,https://weibo.com/u/1711684227,浪3
吴莫愁,https://weibo.com/u/2183487935,浪3
黄奕,https://weibo.com/u/1213395722,浪3
许茹芸,https://weibo.com/u/1244876825,浪3
阿雅,https://weibo.com/u/1315469422,浪3
赵樱子,https://weibo.com/u/1526451275,浪3
徐梦桃,https://weibo.com/u/1700486331,浪3
